MaKH,TenKH,DiaChi,DienThoai
KH001,Nguyễn Văn An,Hà Nội,0901234561
KH002,Trần Thị Bình,Hải Phòng,0901234562
KH004,Phạm Minh Đức,TP.HCM,0901234564
KH005,Ngô Thanh Hằng,Cần Thơ,0901234565
KH006,Đỗ Thị Lan,Nha Trang,0901234566
KH007,Nguyễn Hoàng Long,Huế,0901234567
KH008,Võ Văn Minh,Đồng Nai,0901234568
KH009,Trần Thị My,Bình Dương,0901234569
KH010,Phan Văn Nam,Vũng Tàu,0901234570
KH011,Đinh Thị Nga,Hà Nam,0901234571
KH012,Nguyễn Minh Phúc,Hải Dương,0901234572
KH013,Lê Thị Quỳnh,Thái Bình,0901234573
KH014,Phạm Văn Sơn,Bắc Ninh,0901234574
KH015,Ngô Thị Trang,Quảng Nam,0901234575
KH016,Hoàng Minh Tú,Đà Lạt,0901234576
KH017,Trần Anh Vũ,Gia Lai,0901234577
KH018,Nguyễn Hải Yến,Nam Định,0901234578
KH019,Phan Thị Ánh,Thanh Hóa,0901234579
KH020,Vũ Hữu Bảo,Nghệ An,0901234580
KH021,Nguyễn Văn Cảnh,Bắc Giang,0901234581
KH022,Trần Thị Diệu,Lâm Đồng,0901234582
KH023,Lê Văn Hậu,Bình Phước,0901234583
KH024,Phạm Thị Hoa,Phú Yên,0901234584
KH025,Ngô Quốc Khánh,Sóc Trăng,0901234585
KH026,Hoàng Thị Linh,An Giang,0901234586
KH027,Võ Văn Minh,Long An,0901234587
KH028,Nguyễn Thị Ngọc,Quảng Ninh,0901234588
KH029,Phan Quốc Tuấn,Kon Tum,0901234589
KH030,Đỗ Văn Việt,Hậu Giang,0901234590
